datum,schluss,volumen
2024-09-26,71.6,18234
2024-09-27,71.98,7872
2024-09-30,71.77,41928
2024-10-01,73.56,90111
2024-10-02,73.9,53911
2024-10-03,77.62,68997
2024-10-04,78.05,57481
2024-10-07,80.93,55050
2024-10-08,77.18,66184
2024-10-09,76.58,46931
2024-10-10,79.4,43562
2024-10-11,79.04,44341
2024-10-14,77.46,35593
2024-10-15,74.25,47877
2024-10-16,74.22,40980
2024-10-17,74.45,36901
2024-10-18,73.06,34009
2024-10-21,74.29,29891
2024-10-22,76.04,36505
2024-10-23,74.96,28090
2024-10-24,74.38,23845
2024-10-25,76.05,20056
2024-10-28,71.42,28003
2024-10-29,71.12,16776
2024-10-30,72.55,11034
2024-10-31,73.16,36772
2024-11-01,73.1,32059
2024-11-04,75.08,31292
2024-11-05,75.53,40233
2024-11-06,74.92,57996
2024-11-07,75.63,41262
2024-11-08,73.87,35855
2024-11-11,71.83,33838
2024-11-12,71.89,38295
2024-11-13,72.28,43666
2024-11-14,72.56,32367
2024-11-15,71.04,30126
2024-11-18,73.3,30425
2024-11-19,73.31,32668
2024-11-20,72.81,26041
2024-11-21,74.23,35756
2024-11-22,75.17,29569
2024-11-25,73.01,29335
2024-11-26,72.81,17616
2024-11-27,72.83,10246
2024-11-29,72.94,45282
2024-12-02,71.83,31283
2024-12-03,73.62,40365
2024-12-04,72.31,36988
2024-12-05,72.09,32373
2024-12-06,71.12,27572
2024-12-09,72.14,25921
2024-12-10,72.19,32220
2024-12-11,73.52,35954
2024-12-12,73.41,36231
2024-12-13,74.49,26225
2024-12-16,73.91,25458
2024-12-17,73.19,26356
2024-12-18,73.39,25873
2024-12-19,72.88,27742
2024-12-20,72.94,25362
2024-12-23,72.63,20997
2024-12-24,73.58,8922
2024-12-26,73.26,5773
2024-12-27,74.17,5515
2024-12-30,74.39,30436
2024-12-31,74.64,20588
2025-01-02,75.93,41474
2025-01-03,76.51,38822
2025-01-06,76.3,49229
2025-01-07,77.05,37188
2025-01-08,76.16,46650
2025-01-09,76.92,31706
2025-01-10,79.76,92049
2025-01-13,81.01,77109
2025-01-14,79.92,67129
2025-01-15,82.03,69122
2025-01-16,81.29,69075
2025-01-17,80.79,42284
2025-01-21,79.29,83935
2025-01-22,79.0,40868
2025-01-23,78.29,46348
2025-01-24,78.5,30464
2025-01-27,77.08,40623
2025-01-28,77.49,29822
2025-01-29,76.58,19845
2025-01-30,76.87,8389
2025-01-31,76.76,50618
2025-02-03,75.96,75087
2025-02-04,76.2,62716
2025-02-05,74.61,30739
2025-02-06,74.29,41460
2025-02-07,74.66,35634
2025-02-10,75.87,27341
2025-02-11,77.0,37979
2025-02-12,75.18,47048
2025-02-13,75.02,37759
2025-02-14,74.74,41397
2025-02-18,75.84,50542
2025-02-19,76.04,30426
2025-02-20,76.48,33347
2025-02-21,74.43,28100
2025-02-24,74.78,17858
2025-02-25,73.02,19080
2025-02-26,72.53,11916
2025-02-27,74.04,7925
2025-02-28,73.18,36432
2025-03-03,71.62,51816
2025-03-04,71.04,58867
2025-03-05,69.3,51721
2025-03-06,69.46,49024
2025-03-07,70.36,46468
2025-03-10,69.28,33488
2025-03-11,69.56,26933
2025-03-12,70.95,30577
2025-03-13,69.88,33450
2025-03-14,70.58,24740
2025-03-17,71.07,29314
2025-03-18,70.56,32008
2025-03-19,70.78,26898
2025-03-20,72.0,33049
2025-03-21,72.16,23983
2025-03-24,73.0,31456
2025-03-25,73.02,30415
2025-03-26,73.79,27419
2025-03-27,74.03,19183
2025-03-28,73.63,12292
2025-03-31,74.74,53426
2025-04-01,74.49,54055
2025-04-02,74.95,61062
2025-04-03,70.14,100212
2025-04-04,65.58,121211
2025-04-07,64.21,114411
2025-04-08,62.82,89690
2025-04-09,65.48,127044
2025-04-10,63.33,78111
2025-04-11,64.76,58543
2025-04-14,64.88,43786
2025-04-15,64.67,40096
2025-04-16,65.85,50308
2025-04-17,67.96,39781
2025-04-21,66.26,38512
2025-04-22,67.44,46152
2025-04-23,66.12,58914
2025-04-24,66.55,36169
2025-04-25,66.87,30729
2025-04-28,65.86,21525
2025-04-29,64.25,17528
2025-04-30,63.12,79025
2025-05-01,62.13,66984
2025-05-02,61.29,58444
2025-05-05,60.23,49504
2025-05-06,62.15,63444
2025-05-07,61.12,60579
2025-05-08,62.84,56931
2025-05-09,63.91,51994
2025-05-12,64.96,62946
2025-05-13,66.63,55567
2025-05-14,66.09,49980
2025-05-15,64.53,70642
2025-05-16,65.41,38629
2025-05-19,65.54,43539
2025-05-20,65.38,42663
2025-05-21,64.91,58658
2025-05-22,64.44,45811
2025-05-23,64.78,29810
2025-05-27,64.09,34117
2025-05-28,64.9,17817
2025-05-29,64.15,10456
2025-05-30,63.9,63546
2025-06-02,64.63,57349
2025-06-03,65.63,43536
2025-06-04,64.86,56182
2025-06-05,65.34,38658
2025-06-06,66.47,39490
2025-06-09,67.04,35213
2025-06-10,66.87,40266
2025-06-11,69.77,58118
2025-06-12,69.36,60336
2025-06-13,74.23,175031
2025-06-16,73.23,100509
2025-06-17,76.45,88748
2025-06-18,76.7,
2025-06-20,77.01,98821
2025-06-23,71.48,100475
2025-06-24,67.14,62358
2025-06-25,67.68,23618
2025-06-26,67.73,13057
2025-06-27,67.77,8218
2025-06-30,67.61,32957
2025-07-01,67.11,29256
2025-07-02,69.11,50268
2025-07-03,68.8,
2025-07-04,68.29,
2025-07-07,69.58,59456
2025-07-08,70.15,34109
2025-07-09,70.19,42186
2025-07-10,68.64,52295
2025-07-11,70.36,40262
2025-07-14,69.21,62179
2025-07-15,68.71,51233
2025-07-16,68.52,55511
2025-07-17,69.52,50817
2025-07-18,69.28,52366
2025-07-21,69.21,41204
2025-07-22,68.59,50140
2025-07-23,68.51,37734
2025-07-24,69.18,39597
2025-07-25,68.44,27384
2025-07-28,70.04,31485
2025-07-29,72.51,24345
2025-07-30,73.24,15242
2025-07-31,72.53,56020
2025-08-01,69.67,68855
2025-08-04,68.76,41788
2025-08-05,67.64,47388
2025-08-06,66.89,62159
2025-08-07,66.43,44063
2025-08-08,66.59,52157
2025-08-11,66.63,31132
2025-08-12,66.12,33110
2025-08-13,65.63,40497
2025-08-14,66.84,34810
2025-08-15,65.85,35864
2025-08-18,66.6,35004
2025-08-19,65.79,32562
2025-08-20,66.84,39505
2025-08-21,67.67,29950
2025-08-22,67.73,27481
2025-08-25,68.8,19094
2025-08-26,67.22,21046
2025-08-27,68.05,16597
2025-08-28,68.62,8829
2025-08-29,68.12,
2025-09-02,69.14,55307
2025-09-03,67.6,45108
2025-09-04,66.99,42152
2025-09-05,65.5,38287
2025-09-08,66.02,29078
2025-09-09,66.39,38860
2025-09-10,67.49,38789
2025-09-11,66.37,34565
2025-09-12,66.99,50762
2025-09-15,67.44,26320
2025-09-16,68.47,34128
2025-09-17,67.95,30515
2025-09-18,67.44,29610
2025-09-19,66.68,24400
2025-09-22,66.57,23634
2025-09-23,67.63,27893
2025-09-24,69.31,28459
2025-09-25,69.42,21388
2025-09-26,70.13,11917
2025-09-29,67.97,8229
2025-09-30,67.02,46335
2025-10-01,65.35,44601
2025-10-02,64.11,52074
2025-10-03,64.53,38970
2025-10-06,65.47,38055
2025-10-07,65.45,36191
2025-10-08,66.25,38630
2025-10-09,65.22,40845
2025-10-10,62.73,54929
2025-10-13,63.32,35368
2025-10-14,62.39,44016
2025-10-15,61.91,40209
2025-10-16,61.06,46229
2025-10-17,61.29,50372
2025-10-20,61.01,33883
2025-10-21,61.32,45150
2025-10-22,62.59,46114
2025-10-23,65.99,87705
2025-10-24,65.94,38354
2025-10-27,65.62,32237
2025-10-28,64.4,33807
2025-10-29,64.92,16478
2025-10-30,65.0,10024
2025-10-31,65.07,44972
2025-11-03,64.89,
2025-11-04,64.44,36655
2025-11-05,63.52,42320
2025-11-06,63.38,43138
2025-11-07,63.63,36620
2025-11-10,64.06,30891
2025-11-11,65.16,41959
2025-11-12,62.71,42279
2025-11-13,63.01,36603
2025-11-14,64.39,58912
2025-11-17,64.2,33667
2025-11-18,64.89,36791
2025-11-19,63.51,38776
2025-11-20,63.38,42345
2025-11-21,62.56,43029
2025-11-24,63.37,30888
2025-11-25,62.48,26580
2025-11-26,63.13,21288
2025-11-28,63.2,31795
2025-12-01,63.17,31203
2025-12-02,62.45,39539
2025-12-03,62.67,40622
2025-12-04,63.26,32164
2025-12-05,63.75,26349
2025-12-08,62.49,38815
2025-12-09,61.94,32575
2025-12-10,62.21,45191
2025-12-11,61.28,48635
2025-12-12,61.12,42931
2025-12-15,60.56,42976
2025-12-16,58.92,48212
2025-12-17,59.68,50078
2025-12-18,59.82,31064
2025-12-19,60.47,36104
2025-12-22,62.07,35138
2025-12-23,62.38,26231
2025-12-24,62.24,14966
2025-12-26,60.64,9687
2025-12-29,61.94,9170
2025-12-30,61.92,30567
2025-12-31,60.85,30919
2026-01-02,60.75,33381
2026-01-05,61.76,45681
2026-01-06,60.7,48263
2026-01-07,59.96,71788
2026-01-08,61.99,64136
2026-01-09,63.34,56568
2026-01-12,63.87,56900
2026-01-13,65.47,80180
2026-01-14,66.52,96568
2026-01-15,63.76,54944
2026-01-16,64.13,35235
2026-01-20,64.92,78657
2026-01-21,65.24,52906
2026-01-22,64.06,49453
2026-01-23,65.88,34015
2026-01-26,65.59,25795
2026-01-27,67.57,34327
2026-01-28,68.4,23555
2026-01-29,70.71,26980
2026-01-30,70.69,85305
2026-02-02,66.3,80104
2026-02-03,67.33,83736
2026-02-04,69.46,98236
2026-02-05,67.55,65248
2026-02-06,68.05,79538
2026-02-09,69.04,51346
2026-02-10,68.8,45779
2026-02-11,69.4,49482
2026-02-12,67.52,48058
2026-02-13,67.75,42167
2026-02-17,67.42,74745
2026-02-18,70.35,56115
2026-02-19,71.66,73081
2026-02-20,71.76,40579
2026-02-23,71.49,28933
2026-02-24,70.77,37988
2026-02-25,70.85,18491
2026-02-26,70.75,17725
2026-02-27,72.48,79435
2026-03-02,77.74,143671
2026-03-03,81.4,229556
2026-03-04,81.4,152390
2026-03-05,85.41,146018
2026-03-06,92.69,197523
2026-03-09,98.96,235965
2026-03-10,87.8,144614
2026-03-11,91.98,101940
2026-03-12,100.46,92219
2026-03-13,103.14,71698
2026-03-16,100.21,77839
2026-03-17,103.42,65199
2026-03-18,107.38,73104
2026-03-19,108.65,87485
2026-03-20,112.19,57217
2026-03-23,99.94,113332
2026-03-24,104.49,68614
2026-03-25,102.22,53714
2026-03-26,108.01,28970
2026-03-27,112.57,18402
2026-03-30,112.78,15053
2026-03-31,118.35,69949
2026-04-01,101.16,61629
2026-04-02,109.03,
2026-04-06,109.77,27863
2026-04-07,109.27,65194
2026-04-08,94.75,82140
2026-04-09,95.92,54501
2026-04-10,95.2,35012
2026-04-13,99.36,50559
2026-04-14,94.79,40991
2026-04-15,94.93,41928
2026-04-16,99.39,36540
2026-04-17,90.38,85233
2026-04-20,95.48,46389
2026-04-21,98.48,50039
2026-04-22,101.91,39837
2026-04-23,105.07,54489
2026-04-24,105.33,52646
2026-04-27,108.23,29439
2026-04-28,111.26,23451
2026-04-29,118.03,18031
2026-04-30,114.01,58572
2026-05-01,108.17,40576
2026-05-04,114.44,67567
2026-05-05,109.87,39713
2026-05-06,101.27,61814
2026-05-07,100.06,62847
2026-05-08,101.29,34316
2026-05-11,104.21,35359
2026-05-12,107.77,30738
2026-05-13,105.63,27718
2026-05-14,105.72,27529
2026-05-15,109.26,26518
2026-05-18,112.1,46404
2026-05-19,111.28,29390
2026-05-20,105.02,53332
2026-05-21,102.58,51232
2026-05-22,103.54,35039
2026-05-26,99.58,37926
2026-05-27,94.29,20553
2026-05-28,93.71,9881
2026-05-29,92.05,39308
2026-06-01,94.98,57796
2026-06-02,96.0,40210
2026-06-03,97.81,40867
2026-06-04,95.03,34844
2026-06-05,93.09,36817
2026-06-08,94.25,36849
2026-06-09,91.45,42857
2026-06-10,93.1,39760
2026-06-11,90.38,46406
2026-06-12,87.33,34732
2026-06-15,83.17,28907
2026-06-16,78.96,30801
2026-06-17,79.55,25919
2026-06-18,79.85,31186
2026-06-22,77.9,46574
2026-06-23,77.08,22797
2026-06-24,73.74,32834
2026-06-25,75.26,27477
2026-06-26,71.99,19425
2026-06-29,73.15,8613
2026-06-30,72.92,39706
2026-07-01,71.57,37629
2026-07-02,71.8,
2026-07-06,71.99,46238
2026-07-07,74.16,58154
2026-07-08,78.02,96042
2026-07-09,76.3,47817
2026-07-10,76.01,39537
2026-07-13,83.3,61577
2026-07-14,84.73,115669
2026-07-15,84.95,52882
2026-07-16,84.23,39917
2026-07-17,88.1,30997
2026-07-20,89.22,50407
2026-07-21,91.01,43104
2026-07-22,94.07,55526
2026-07-23,100.69,48567
2026-07-24,96.78,33923
2026-07-27,88.36,34887
2026-07-28,84.09,32213
2026-07-29,90.74,22489
2026-07-30,89.03,6854
2026-07-31,90.12,46811
2026-08-03,83.77,38780
2026-08-04,79.36,64851
2026-08-05,79.45,43282
2026-08-06,82.49,40651
2026-08-07,83.55,37626
2026-08-10,87.72,30023
2026-08-11,88.91,35498
2026-08-12,88.98,35263
2026-08-13,87.07,28399
2026-08-14,88.52,29003
2026-08-17,90.87,33602
2026-08-18,91.02,22270
2026-08-19,91.62,28039
2026-08-20,93.78,27355
2026-08-21,94.39,16522
2026-08-24,92.17,18474
2026-08-25,88.58,19467
2026-08-26,87.84,15243
2026-08-27,89.7,9814
2026-08-28,89.31,26729
2026-08-31,90.49,23556
2026-09-01,94.65,38404
2026-09-02,95.63,41717
2026-09-03,95.52,48231
2026-09-04,96.28,35106
2026-09-08,97.92,71135
2026-09-09,101.21,51567
2026-09-10,107.63,72538
2026-09-11,104.61,61285
2026-09-14,105.68,69743
2026-09-15,108.75,51174
2026-09-16,105.83,52162
2026-09-17,104.82,50042
2026-09-18,103.87,37226
2026-09-21,100.34,36907
2026-09-22,99.25,47365
2026-09-23,103.08,51561
2026-09-24,106.6,57116
2026-09-25,104.32,57116
